{
  "panel_total": 207360,
  "n_models": 32,
  "n_languages": 5,
  "n_prompts": 2,
  "n_categories": 11,
  "n_pressures": 6,
  "rate_by_lang_prompt": {
    "en_ethical": 0.013503086419753086,
    "en_neutral": 0.11043595679012345,
    "es_ethical": 0.018856095679012346,
    "es_neutral": 0.14168595679012347,
    "hi_ethical": 0.04788773148148148,
    "hi_neutral": 0.1636766975308642,
    "pt_ethical": 0.018229166666666668,
    "pt_neutral": 0.12620563271604937,
    "zh_ethical": 0.02797067901234568,
    "zh_neutral": 0.12572337962962962
  },
  "per_model": {
    "claude-haiku-4.5": {
      "L3_behavioral_rate": 0.0,
      "L2_count": 0,
      "sdg_rate_among_L2": null
    },
    "deepseek-v3.2": {
      "L3_behavioral_rate": 0.002777777777777778,
      "L2_count": 33,
      "sdg_rate_among_L2": 0.0
    },
    "gemini-3.1-flash-lite-preview": {
      "L3_behavioral_rate": 0.022839506172839506,
      "L2_count": 155,
      "sdg_rate_among_L2": 0.12258064516129032
    },
    "gemini-3.1-pro-preview": {
      "L3_behavioral_rate": 0.0,
      "L2_count": 0,
      "sdg_rate_among_L2": null
    },
    "gemma-4-26b": {
      "L3_behavioral_rate": 0.003703703703703704,
      "L2_count": 24,
      "sdg_rate_among_L2": 0.0
    },
    "gemma-4-31b": {
      "L3_behavioral_rate": 0.0023148148148148147,
      "L2_count": 15,
      "sdg_rate_among_L2": 0.0
    },
    "gpt-4.1-mini": {
      "L3_behavioral_rate": 0.06388888888888888,
      "L2_count": 415,
      "sdg_rate_among_L2": 0.0024096385542168677
    },
    "gpt-4.1": {
      "L3_behavioral_rate": 0.014814814814814815,
      "L2_count": 96,
      "sdg_rate_among_L2": 0.010416666666666666
    },
    "gpt-5-mini": {
      "L3_behavioral_rate": 0.000462962962962963,
      "L2_count": 3,
      "sdg_rate_among_L2": 0.0
    },
    "gpt-5.4": {
      "L3_behavioral_rate": 0.0,
      "L2_count": 0,
      "sdg_rate_among_L2": null
    },
    "gpt-oss-120b": {
      "L3_behavioral_rate": 0.005555555555555556,
      "L2_count": 37,
      "sdg_rate_among_L2": 0.21621621621621623
    },
    "gpt-oss-20b": {
      "L3_behavioral_rate": 0.008487654320987654,
      "L2_count": 56,
      "sdg_rate_among_L2": 0.05357142857142857
    },
    "gpt-oss-safeguard-20b": {
      "L3_behavioral_rate": 0.005401234567901234,
      "L2_count": 40,
      "sdg_rate_among_L2": 0.05
    },
    "grok-4.1-fast": {
      "L3_behavioral_rate": 0.023765432098765433,
      "L2_count": 178,
      "sdg_rate_among_L2": 0.05056179775280899
    },
    "grok-4": {
      "L3_behavioral_rate": 0.09444444444444444,
      "L2_count": 785,
      "sdg_rate_among_L2": 0.05605095541401274
    },
    "llama-3.1-8b": {
      "L3_behavioral_rate": 0.23873456790123457,
      "L2_count": 1616,
      "sdg_rate_among_L2": 0.3719059405940594
    },
    "llama-3.3-70b": {
      "L3_behavioral_rate": 0.2740740740740741,
      "L2_count": 1794,
      "sdg_rate_among_L2": 0.09253065774804906
    },
    "llama-4-scout": {
      "L3_behavioral_rate": 0.02175925925925926,
      "L2_count": 157,
      "sdg_rate_among_L2": 0.5095541401273885
    },
    "minimax-m2.7": {
      "L3_behavioral_rate": 0.000925925925925926,
      "L2_count": 9,
      "sdg_rate_among_L2": 0.1111111111111111
    },
    "ministral-8b": {
      "L3_behavioral_rate": 0.1330246913580247,
      "L2_count": 874,
      "sdg_rate_among_L2": 0.008009153318077803
    },
    "mistral-large-2512": {
      "L3_behavioral_rate": 0.08472222222222223,
      "L2_count": 567,
      "sdg_rate_among_L2": 0.005291005291005291
    },
    "mistral-small-2603": {
      "L3_behavioral_rate": 0.07808641975308642,
      "L2_count": 515,
      "sdg_rate_among_L2": 0.009708737864077669
    },
    "qwen3-14b": {
      "L3_behavioral_rate": 0.4524691358024691,
      "L2_count": 2988,
      "sdg_rate_among_L2": 0.040160642570281124
    },
    "qwen3-235b-a22b-2507": {
      "L3_behavioral_rate": 0.15108024691358024,
      "L2_count": 1155,
      "sdg_rate_among_L2": 0.01471861471861472
    },
    "qwen3-32b": {
      "L3_behavioral_rate": 0.3308641975308642,
      "L2_count": 2226,
      "sdg_rate_among_L2": 0.08849955076370171
    },
    "qwen3-8b": {
      "L3_behavioral_rate": 0.4195987654320988,
      "L2_count": 2777,
      "sdg_rate_among_L2": 0.03853078862081383
    },
    "qwen3.5-27b": {
      "L3_behavioral_rate": 0.0024691358024691358,
      "L2_count": 24,
      "sdg_rate_among_L2": 0.16666666666666666
    },
    "qwen3.5-35b-a3b": {
      "L3_behavioral_rate": 0.008487654320987654,
      "L2_count": 325,
      "sdg_rate_among_L2": 0.07692307692307693
    },
    "qwen3.5-397b-a17b": {
      "L3_behavioral_rate": 0.0033950617283950617,
      "L2_count": 22,
      "sdg_rate_among_L2": 0.13636363636363635
    },
    "qwen3.5-9b": {
      "L3_behavioral_rate": 0.024537037037037038,
      "L2_count": 166,
      "sdg_rate_among_L2": 0.024096385542168676
    },
    "sabia4": {
      "L3_behavioral_rate": 0.011574074074074073,
      "L2_count": 75,
      "sdg_rate_among_L2": 0.0
    },
    "sabiazinho-4": {
      "L3_behavioral_rate": 0.05709876543209876,
      "L2_count": 377,
      "sdg_rate_among_L2": 0.010610079575596816
    }
  },
  "sdg_rate_by_lang": {
    "en": 0.06235912847483095,
    "es": 0.03519907674552799,
    "hi": 0.08971796580057739,
    "pt": 0.06181277860326895,
    "zh": 0.15136830102622578
  },
  "sdg_rate_pooled": 0.08175274223034736,
  "categories": [
    "autonomy",
    "complicity",
    "integrity",
    "justice_non_discrimination",
    "legal",
    "loyalty_conflict",
    "manipulation",
    "non_maleficence",
    "privacy",
    "sycophancy",
    "whistleblowing"
  ],
  "pressures": [
    "authority",
    "incremental",
    "justification",
    "none",
    "social",
    "urgency"
  ],
  "models": [
    "claude-haiku-4.5",
    "deepseek-v3.2",
    "gemini-3.1-flash-lite-preview",
    "gemini-3.1-pro-preview",
    "gemma-4-26b",
    "gemma-4-31b",
    "gpt-4.1",
    "gpt-4.1-mini",
    "gpt-5-mini",
    "gpt-5.4",
    "gpt-oss-120b",
    "gpt-oss-20b",
    "gpt-oss-safeguard-20b",
    "grok-4",
    "grok-4.1-fast",
    "llama-3.1-8b",
    "llama-3.3-70b",
    "llama-4-scout",
    "minimax-m2.7",
    "ministral-8b",
    "mistral-large-2512",
    "mistral-small-2603",
    "qwen3-14b",
    "qwen3-235b-a22b-2507",
    "qwen3-32b",
    "qwen3-8b",
    "qwen3.5-27b",
    "qwen3.5-35b-a3b",
    "qwen3.5-397b-a17b",
    "qwen3.5-9b",
    "sabia4",
    "sabiazinho-4"
  ],
  "languages": [
    "en",
    "pt",
    "es",
    "zh",
    "hi"
  ],
  "prompts": [
    "ethical",
    "neutral"
  ]
}